"id_curso";"nome";"id_coordenador";"coordenador";"situacao_curso";"nivel_ensino";"grau_academico";"modalidade_educacao";"area_conhecimento";"tipo_oferta";"turno";"tipo_ciclo_formacao";"municipio";"campus";"id_unidade_responsavel";"unidade_responsavel";"website";"data_funcionamento";"codigo_inep";"dou";"portaria_reconhecimento";"convenio_academico"
"2000004";"ADMINISTRAÇÃO";"5752389";"MARILENE BIZERRA DA COSTA";"ATIVO";"GRADUAÇÃO";"BACHARELADO";"Presencial";"Ciências Sociais Aplicadas";"Regular";"Vespertino e Noturno";"Um ciclo";"CURRAIS NOVOS";"Campus Currais Novos";"31011";"FACULDADE DE ENGENHARIA, LETRAS E CIÊNCIAS SOCIAIS DO SERIDÓ - FELCS";"";"1978/09/15 00:00:00.000";"12355";"2017/04/04 00:00:00.000";"Portaria nº 272/2017 - MEC";""
"2000002";"ADMINISTRAÇÃO";"24344";"CARLOS ALBERTO FREIRE MEDEIROS";"ATIVO";"GRADUAÇÃO";"BACHARELADO";"Presencial";"Ciências Sociais Aplicadas";"Regular";"Matutino e Noturno";"Um ciclo";"NATAL";"Campus Central";"443";"CENTRO DE CIÊNCIAS SOCIAIS APLICADAS";"http://sol.ccsa.ufrn.br/ccsa/areas/adm/administracao";"1971/09/16 00:00:00.000";"12311";"2017/04/04 00:00:00.000";"Portaria nº 272/2017 - MEC";""
"149654895";"ADMINISTRAÇÃO PÚBLICA";"5756268";"ANTONIO ALVES FILHO";"ATIVO";"GRADUAÇÃO";"BACHARELADO";"Presencial";"Ciências Sociais Aplicadas";"Regular";"";"Um ciclo";"NATAL";"";"443";"CENTRO DE CIÊNCIAS SOCIAIS APLICADAS";"";"";"1563343";"";"";""
"15315770";"ADMINISTRAÇÃO PÚBLICA";"5753587";"CARLOS DAVID CEQUEIRA FEITOR";"ATIVO";"GRADUAÇÃO";"BACHARELADO";"A Distância";"Ciências Sociais Aplicadas";"Regular";"";"Um ciclo";"NATAL";"";"443";"CENTRO DE CIÊNCIAS SOCIAIS APLICADAS";"";"";"1151028";"2014/04/11 00:00:00.000";"Portaria nº 226/2014 - DIREG/MEC";""
"94598200";"ANÁLISE E DESENVOLVIMENTO DE SISTEMAS";"5760230";"CARLA DA COSTA FERNANDES CURVELO";"ATIVO";"GRADUAÇÃO";"TECNOLÓGICO";"Presencial";"Outra";"Anual";"";"Um ciclo";"MACAÍBA";"";"351";"ESCOLA AGRÍCOLA DE JUNDIAÍ";"";"";"1188193";"2018/12/28 00:00:00.000";"Portaria MEC/SERES Nº 922/2018";""
"2000005";"ARQUITETURA E URBANISMO";"5758475";"AMIRIA BEZERRA BRASIL";"ATIVO";"GRADUAÇÃO";"BACHARELADO";"Presencial";"Engenharias";"Regular";"Matutino, Vespertino e Noturno";"Um ciclo";"NATAL";"Campus Central";"445";"CENTRO DE TECNOLOGIA";"";"1973/08/13 00:00:00.000";"12343";"2018/12/28 00:00:00.000";"Portaria MEC/SERES Nº 922/2018";""
"2000123";"ARTES VISUAIS";"5758214";"REGINA HELENA PEREIRA JOHAS";"ATIVO";"GRADUAÇÃO";"LICENCIATURA";"Presencial";"Linguística, Letras e Artes";"Regular";"Matutino e Vespertino";"Um ciclo";"NATAL";"Campus Central";"442";"CENTRO DE CIÊNCIAS HUMANAS, LETRAS E ARTES";"";"1977/03/03 00:00:00.000";"95667";"2018/12/28 00:00:00.000";"Portaria MEC/SERES Nº 922/2018";""
"149717829";"BACHARELADO INTERDISCIPLINAR EM HUMANIDADES";"5752604";"ANNE CHRISTINE DAMASIO";"ATIVO";"GRADUAÇÃO";"BACHARELADO";"Presencial";"Ciências Humanas";"Regular";"";"Um ciclo";"NATAL";"";"30304";"INSTITUTO HUMANITAS DE ESTUDOS INTEGRADOS";"";"";"";"";"";""
"2000006";"BIBLIOTECONOMIA";"5760265";"NANCY SANCHEZ TARRAGO";"ATIVO";"GRADUAÇÃO";"BACHARELADO";"Presencial";"Ciências Sociais Aplicadas";"Regular";"Vespertino";"Um ciclo";"NATAL";"Campus Central";"443";"CENTRO DE CIÊNCIAS SOCIAIS APLICADAS";"http://sol.ccsa.ufrn.br/ccsa/areas/biblio/biblioteconomia/";"1977/03/03 00:00:00.000";"18393";"2017/06/26 00:00:00.000";"Portaria nº 628/2017 - MEC";""
"2000122";"BIOMEDICINA";"5757820";"LEONARDO CAPISTRANO FERREIRA";"ATIVO";"GRADUAÇÃO";"BACHARELADO";"Presencial";"Ciências Biológicas";"Regular";"Matutino, Vespertino e Noturno";"Um ciclo";"NATAL";"Campus Central";"440";"CENTRO DE BIOCIÊNCIAS";"";"2003/03/31 00:00:00.000";"60288";"2018/03/02 00:00:00.000";"Portaria Nº 133/2018 - MEC";""
"2000013";"CIÊNCIA DA COMPUTAÇÃO";"5752467";"EDGARD DE FARIA CORREA";"ATIVO";"GRADUAÇÃO";"BACHARELADO";"Presencial";"Ciências Exatas e da Terra";"Regular";"Matutino e Vespertino";"Dois ciclos";"NATAL";"Campus Central";"439";"CENTRO DE CIÊNCIAS EXATAS E DA TERRA";"http://www.dimap.ufrn.br/ccc.html";"1987/03/01 00:00:00.000";"12313";"2018/12/28 00:00:00.000";"Portaria MEC/SERES Nº 922/2018";""
"6633741";"CIÊNCIAS ATUARIAIS";"5760215";"JORDANA CRISTINA DE JESUS";"ATIVO";"GRADUAÇÃO";"BACHARELADO";"Presencial";"Ciências Exatas e da Terra";"Regular";"";"Um ciclo";"NATAL";"";"439";"CENTRO DE CIÊNCIAS EXATAS E DA TERRA";"";"";"116514";"2013/12/30 00:00:00.000";"Portaria nº 735/2013 - MEC";""
"2000009";"CIÊNCIAS BIOLÓGICAS";"5753053";"BRUNO TOMIO GOTO";"ATIVO";"GRADUAÇÃO";"BACHARELADO";"Presencial";"Ciências Biológicas";"Regular";"Matutino, Vespertino e Noturno";"Um ciclo";"NATAL";"Campus Central";"440";"CENTRO DE BIOCIÊNCIAS";"http://www.cb.ufrn.br/conteudo/cursos/biologia/biologia.htm";"1970/02/23 00:00:00.000";"12332";"2018/12/28 00:00:00.000";"Portaria MEC/SERES Nº 922/2018";""
"111635035";"CIÊNCIAS BIOLÓGICAS";"5755490";"RAQUEL CORDEIRO THEODORO";"ATIVO";"GRADUAÇÃO";"LICENCIATURA";"Presencial";"Ciências Biológicas";"Regular";"Matutino, Vespertino e Noturno";"Um ciclo";"NATAL";"Campus Central";"440";"CENTRO DE BIOCIÊNCIAS";"http://www.cb.ufrn.br/conteudo/cursos/biologia/biologia.htm";"1970/02/23 00:00:00.000";"312332";"2018/12/28 00:00:00.000";"Portaria MEC/SERES Nº 922/2018";""
"9295710";"CIÊNCIAS BIOLÓGICAS";"26020";"JACIRA MARIA ANDRADE DE SOUSA";"ATIVO";"GRADUAÇÃO";"LICENCIATURA";"A Distância";"Ciências Biológicas";"Regular";"";"Um ciclo";"NATAL";"";"440";"CENTRO DE BIOCIÊNCIAS";"";"";"120887";"2018/12/28 00:00:00.000";"Portaria MEC/SERES Nº 913/2018";""
"2000012";"CIÊNCIAS CONTÁBEIS";"5761955";"MAYARA BEZERRA BARBOSA";"ATIVO";"GRADUAÇÃO";"BACHARELADO";"Presencial";"Ciências Sociais Aplicadas";"Regular";"Matutino e Noturno";"Um ciclo";"CAICÓ";"Campus Caicó";"1482";"CENTRO DE  ENSINO SUPERIOR DO SERIDÓ";"";"1979/03/11 00:00:00.000";"12349";"2017/04/04 00:00:00.000";"Portaria nº 272/2017 - MEC";""
"2000011";"CIÊNCIAS CONTÁBEIS";"5755577";"GIOVANNA TONETTO SEGANTINI";"ATIVO";"GRADUAÇÃO";"BACHARELADO";"Presencial";"Ciências Sociais Aplicadas";"Regular";"Matutino e Noturno";"Um ciclo";"NATAL";"Campus Central";"443";"CENTRO DE CIÊNCIAS SOCIAIS APLICADAS";"http://sol.ccsa.ufrn.br/ccsa/areas/cont/contabeis/";"1962/09/16 00:00:00.000";"12312";"2017/04/04 00:00:00.000";"Portaria nº 272/2017 - MEC";""
"2000014";"CIÊNCIAS ECONÔMICAS";"5758588";"THALES AUGUSTO MEDEIROS PENHA";"ATIVO";"GRADUAÇÃO";"BACHARELADO";"Presencial";"Ciências Sociais Aplicadas";"Regular";"Matutino e Noturno";"Um ciclo";"NATAL";"Campus Central";"443";"CENTRO DE CIÊNCIAS SOCIAIS APLICADAS";"http://sol.ccsa.ufrn.br/ccsa/areas/eco/economia/";"1979/06/16 00:00:00.000";"12314";"2017/04/04 00:00:00.000";"Portaria nº 272/2017 - MEC";""
"10320810";"CIÊNCIAS E TECNOLOGIA";"5757780";"AMANDA MELISSA DAMIAO LEITE";"ATIVO";"GRADUAÇÃO";"BACHARELADO";"Presencial";"Ciências Exatas e da Terra";"Regular";"";"Um ciclo";"NATAL";"";"4885";"ESCOLA DE CIÊNCIAS E TECNOLOGIA";"http://www.prograd.ufrn.br";"";"116756";"2008/06/10 00:00:00.000";"RESOLUÇÃO Nº083/2008-CONSEPE";""
"111635038";"CIÊNCIAS SOCIAIS";"5752482";"GILMAR SANTANA";"ATIVO";"GRADUAÇÃO";"LICENCIATURA";"Presencial";"Ciências Humanas";"Regular";"Matutino e Noturno";"Um ciclo";"NATAL";"Campus Central";"442";"CENTRO DE CIÊNCIAS HUMANAS, LETRAS E ARTES";"http://www.nexusonline.com.br/ccs/";"1974/09/04 00:00:00.000";"12315";"2018/12/28 00:00:00.000";"Portaria MEC/SERES Nº 922/2018";""
"102191189";"CIÊNCIAS SOCIAIS";"";"";"ATIVO";"GRADUAÇÃO";"LICENCIATURA";"Presencial";"Ciências Humanas";"Temporário";"";"Um ciclo";"NATAL";"";"442";"CENTRO DE CIÊNCIAS HUMANAS, LETRAS E ARTES";"";"";"12315";"";"";"PRONERA"
"2000015";"CIÊNCIAS SOCIAIS";"35048";"ELIANE TANIA MARTINS DE FREITAS";"ATIVO";"GRADUAÇÃO";"BACHARELADO";"Presencial";"Ciências Humanas";"Regular";"Matutino e Noturno";"Um ciclo";"NATAL";"Campus Central";"442";"CENTRO DE CIÊNCIAS HUMANAS, LETRAS E ARTES";"http://www.nexusonline.com.br/ccs/";"1974/09/04 00:00:00.000";"1113220";"2018/12/28 00:00:00.000";"Portaria MEC/SERES Nº 922/2018";""
"2000016";"COMUNICAÇÃO SOCIAL";"";"";"ATIVO";"GRADUAÇÃO";"BACHARELADO";"Presencial";"Ciências Humanas";"Regular";"Matutino, Vespertino e Noturno";"Um ciclo";"NATAL";"Campus Central";"442";"CENTRO DE CIÊNCIAS HUMANAS, LETRAS E ARTES";"http://www.decom.ufrn.br/";"1963/03/01 00:00:00.000";"116516";"2018/02/02 00:00:00.000";"PORTARIA Nº 58, DE 2 DE FEVEREIRO DE 2018";""
"119512361";"COMUNICAÇÃO SOCIAL - AUDIOVISUAL";"5760275";"RODRIGO ALMEIDA FERREIRA";"ATIVO";"GRADUAÇÃO";"BACHARELADO";"Presencial";"Ciências Humanas";"Semestral";"";"Um ciclo";"NATAL";"";"442";"CENTRO DE CIÊNCIAS HUMANAS, LETRAS E ARTES";"";"";"1364002";"2016/07/26 00:00:00.000";"RESOLUÇÃO N°119/2016-CONSEPE, de 26 de JULHO de 2016";""
"118834827";"COMUNICAÇÃO SOCIAL- PUBLICIDADE E PROPAGANDA";"5761048";"BRENO DA SILVA CARVALHO";"ATIVO";"GRADUAÇÃO";"BACHARELADO";"Presencial";"Ciências Humanas";"Semestral";"";"Um ciclo";"NATAL";"";"442";"CENTRO DE CIÊNCIAS HUMANAS, LETRAS E ARTES";"";"";"116624";"2017/04/04 00:00:00.000";"Portaria nº 272/2017 - MEC";""
"7264330";"DANÇA";"5752714";"MARCOS BRAGATO";"ATIVO";"GRADUAÇÃO";"LICENCIATURA";"Presencial";"Linguística, Letras e Artes";"Regular";"";"Um ciclo";"NATAL";"";"442";"CENTRO DE CIÊNCIAS HUMANAS, LETRAS E ARTES";"http://www.cchla.ufrn.br";"";"116774";"2015/10/05 00:00:00.000";"Portaria nº 699/2015 - MEC";""
"6992521";"DESIGN";"5758612";"ELIZABETH ROMANI";"ATIVO";"GRADUAÇÃO";"BACHARELADO";"Presencial";"Linguística, Letras e Artes";"Regular";"";"Um ciclo";"NATAL";"";"442";"CENTRO DE CIÊNCIAS HUMANAS, LETRAS E ARTES";"http://www.cchla.ufrn.br";"";"116758";"2017/04/04 00:00:00.000";"Portaria nº 272/2017 - MEC";""
"2000019";"DIREITO";"5761162";"RAFAEL VIEIRA DE AZEVEDO";"ATIVO";"GRADUAÇÃO";"BACHARELADO";"Presencial";"Ciências Sociais Aplicadas";"Regular";"Matutino, Vespertino e Noturno";"Um ciclo";"CAICÓ";"Campus Caicó";"1482";"CENTRO DE  ENSINO SUPERIOR DO SERIDÓ";"http://sol.ccsa.ufrn.br/ccsa/areas/dir/direito/";"2020/01/01 00:00:00.000";"18852";"2018/02/02 00:00:00.000";"PORTARIA Nº 58, DE 2 DE FEVEREIRO DE 2018";""
"2000018";"DIREITO";"5753026";"KAROLINE LINS CAMARA MARINHO DE SOUZA";"ATIVO";"GRADUAÇÃO";"BACHARELADO";"Presencial";"Ciências Sociais Aplicadas";"Regular";"Matutino e Noturno";"Um ciclo";"NATAL";"Campus Central";"443";"CENTRO DE CIÊNCIAS SOCIAIS APLICADAS";"";"1954/01/25 00:00:00.000";"12317";"2017/07/10 00:00:00.000";"Portaria nº 688";""
"2000121";"ECOLOGIA";"24923";"JOSE LUIZ DE ATTAYDE";"ATIVO";"GRADUAÇÃO";"BACHARELADO";"Presencial";"Ciências Biológicas";"Regular";"Matutino e Vespertino";"Um ciclo";"NATAL";"Campus Central";"440";"CENTRO DE BIOCIÊNCIAS";"http://www.ecologia.ufrn.br/";"2003/12/31 00:00:00.000";"60286";"2018/10/17 00:00:00.000";"PORTARIA Nº 677/2018 - MEC";""
"85436676";"EDUCAÇÃO FÍSICA";"";"";"ATIVO";"GRADUAÇÃO";"LICENCIATURA";"Presencial";"Ciências da Saúde";"Semestral";"";"Um ciclo";"NATAL";"";"441";"CENTRO DE CIÊNCIAS DA SAÚDE";"";"";"312327";"2015/12/30 00:00:00.000";"Portaria nº 1098/2015 - DIREG/MEC";"PARFOR"
"2000022";"EDUCAÇÃO FÍSICA";"5760939";"RICARDO SANTOS OLIVEIRA";"ATIVO";"GRADUAÇÃO";"BACHARELADO";"Presencial";"Ciências da Saúde";"Regular";"Matutino, Vespertino e Noturno";"Um ciclo";"NATAL";"Campus Central";"441";"CENTRO DE CIÊNCIAS DA SAÚDE";"http://prograd.ufrn.br/";"1973/08/13 00:00:00.000";"12327";"2018/03/02 00:00:00.000";"Portaria Nº 133/2018 - MEC";""
"50688664";"EDUCAÇÃO FÍSICA";"5758560";"PRISCILLA PINTO COSTA DA SILVA";"ATIVO";"GRADUAÇÃO";"LICENCIATURA";"A Distância";"Ciências da Saúde";"Regular";"";"Um ciclo";"NATAL";"";"441";"CENTRO DE CIÊNCIAS DA SAÚDE";"";"";"1193750";"2016/07/08 00:00:00.000";"Portaria nº 293/2016 - MEC";""
"111635041";"EDUCAÇÃO FÍSICA";"5761460";"TADEU JOAO RIBEIRO BAPTISTA";"ATIVO";"GRADUAÇÃO";"LICENCIATURA";"Presencial";"Ciências da Saúde";"Regular";"Matutino, Vespertino e Noturno";"Um ciclo";"NATAL";"Campus Central";"441";"CENTRO DE CIÊNCIAS DA SAÚDE";"http://prograd.ufrn.br/";"1973/08/13 00:00:00.000";"312327";"2018/12/28 00:00:00.000";"Portaria MEC/SERES Nº 922/2018";""
"13027790";"ENFERMAGEM";"5756285";"CECILIA NOGUEIRA VALENCA";"ATIVO";"GRADUAÇÃO";"BACHARELADO";"Presencial";"Ciências da Saúde";"Regular";"";"Um ciclo";"SANTA CRUZ";"";"4890";"FACULDADE DE CIÊNCIAS DA SAÚDE DO TRAIRI - FACISA";"http://www.prograd.ufrn.br";"";"108486";"2015/01/02 00:00:00.000";"Portaria nº 824/2014 - DIREG/MEC";""
"2000023";"ENFERMAGEM";"5756815";"GABRIELA DE SOUSA MARTINS MELO DE ARAUJO";"ATIVO";"GRADUAÇÃO";"BACHARELADO";"Presencial";"Ciências da Saúde";"Regular";"Matutino e Vespertino";"Um ciclo";"NATAL";"Campus Central";"441";"CENTRO DE CIÊNCIAS DA SAÚDE";"http://www.prograd.ufrn.br";"1974/01/02 00:00:00.000";"12326";"2018/03/02 00:00:00.000";"Portaria Nº 133/2018 - MEC";""
"2576632";"ENGENHARIA AGRONÔMICA";"5753876";"ERMELINDA MARIA MOTA OLIVEIRA";"ATIVO";"GRADUAÇÃO";"BACHARELADO";"Presencial";"Ciências Agrárias";"Regular";"";"Um ciclo";"MACAÍBA";"";"351";"ESCOLA AGRÍCOLA DE JUNDIAÍ";"";"";"1127694";"2018/03/02 00:00:00.000";"Portaria Nº 133/2018 - MEC";""
"85322571";"ENGENHARIA AMBIENTAL";"5760228";"CARLOS WILMER COSTA";"ATIVO";"GRADUAÇÃO";"BACHARELADO";"Presencial";"Engenharias";"Anual";"";"Dois ciclos";"NATAL";"";"445";"CENTRO DE TECNOLOGIA";"";"";"1159355";"2018/12/28 00:00:00.000";"Portaria MEC/SERES Nº 922/2018";""
"85341136";"ENGENHARIA BIOMÉDICA";"5761026";"ERNANO ARRAIS JUNIOR";"ATIVO";"GRADUAÇÃO";"BACHARELADO";"Presencial";"Engenharias";"Regular";"";"Dois ciclos";"NATAL";"";"445";"CENTRO DE TECNOLOGIA";"";"";"1154794";"2018/12/28 00:00:00.000";"Portaria MEC/SERES Nº 922/2018";""
"2000025";"ENGENHARIA CIVIL";"5752304";"FERNANDA RODRIGUES MITTELBACH";"ATIVO";"GRADUAÇÃO";"BACHARELADO";"Presencial";"Engenharias";"Regular";"Matutino, Vespertino e Noturno";"Um ciclo";"NATAL";"Campus Central";"445";"CENTRO DE TECNOLOGIA";"http://www.ct.ufrn.br/ct/conteudo/graduacao/eng_civil.htm";"1960/01/02 00:00:00.000";"12339";"2018/12/28 00:00:00.000";"Portaria MEC/SERES Nº 922/2018";""
"2000150";"ENGENHARIA DE ALIMENTOS";"5760956";"LIANA FRANCO PADILHA";"ATIVO";"GRADUAÇÃO";"BACHARELADO";"Presencial";"Engenharias";"Regular";"Noturno";"Um ciclo";"NATAL";"Campus Central";"445";"CENTRO DE TECNOLOGIA";"http://www.ct.ufrn.br";"2020/01/01 00:00:00.000";"96878";"2018/12/28 00:00:00.000";"Portaria MEC/SERES Nº 922/2018";""
"2576623";"ENGENHARIA DE AQUICULTURA";"";"";"ATIVO";"GRADUAÇÃO";"BACHARELADO";"Presencial";"Ciências Biológicas";"Regular";"";"Um ciclo";"NATAL";"";"440";"CENTRO DE BIOCIÊNCIAS";"";"";"1157867";"2015/01/23 00:00:00.000";"Portaria nº 44/2015 - DIREG/MEC";""
"2000026";"ENGENHARIA DE COMPUTAÇÃO";"21846";"ADELARDO ADELINO DANTAS DE MEDEIROS";"ATIVO";"GRADUAÇÃO";"BACHARELADO";"Presencial";"Engenharias";"Regular";"Matutino, Vespertino e Noturno";"Dois ciclos";"NATAL";"Campus Central";"445";"CENTRO DE TECNOLOGIA";"http://www.engcomp.ufrn.br/";"1996/03/03 00:00:00.000";"18392";"2018/12/28 00:00:00.000";"Portaria MEC/SERES Nº 922/2018";""
"2000027";"ENGENHARIA DE MATERIAIS";"5758736";"BISMARCK LUIZ SILVA";"ATIVO";"GRADUAÇÃO";"BACHARELADO";"Presencial";"Engenharias";"Regular";"Matutino, Vespertino e Noturno";"Dois ciclos";"NATAL";"Campus Central";"445";"CENTRO DE TECNOLOGIA";"http://www.demat.ct.ufrn.br";"1999/04/05 00:00:00.000";"20339";"2018/12/28 00:00:00.000";"Portaria MEC/SERES Nº 922/2018";""
"2071220";"ENGENHARIA DE PETRÓLEO";"5752618";"GERMAN GARABITO CALLAPINO";"ATIVO";"GRADUAÇÃO";"BACHARELADO";"Presencial";"Engenharias";"Regular";"";"Dois ciclos";"NATAL";"";"445";"CENTRO DE TECNOLOGIA";"";"";"1151610";"2018/12/28 00:00:00.000";"Portaria MEC/SERES Nº 922/2018";""
"2000029";"ENGENHARIA DE PRODUÇÃO";"24702";"JESUS LEODALY SALAZAR ARAMAYO";"ATIVO";"GRADUAÇÃO";"BACHARELADO";"Presencial";"Engenharias";"Regular";"Vespertino e Noturno";"Um ciclo";"NATAL";"Campus Central";"445";"CENTRO DE TECNOLOGIA";"http://www.prograd.ufrn.br";"1998/03/03 00:00:00.000";"18853";"2018/12/28 00:00:00.000";"Portaria MEC/SERES Nº 922/2018";""
"150738818";"ENGENHARIA DE PRODUÇÃO";"5756380";"MARCELO HENRIQUE NEVES PEREIRA";"ATIVO";"GRADUAÇÃO";"BACHARELADO";"Presencial";"Engenharias";"Regular";"";"Um ciclo";"CURRAIS NOVOS";"";"31011";"FACULDADE DE ENGENHARIA, LETRAS E CIÊNCIAS SOCIAIS DO SERIDÓ - FELCS";"";"";"";"";"";""
"17848940";"ENGENHARIA DE SOFTWARE";"26012";"MARCIA JACYNTHA NUNES RODRIGUES LUCENA";"ATIVO";"GRADUAÇÃO";"BACHARELADO";"Presencial";"Ciências Exatas e da Terra";"Regular";"";"Dois ciclos";"NATAL";"";"439";"CENTRO DE CIÊNCIAS EXATAS E DA TERRA";"";"";"1113231";"2013/12/11 00:00:00.000";"Portaria nº 651/2013 - MEC";""
"85322080";"ENGENHARIA DE TELECOMUNICAÇÕES";"5760170";"VALDEMIR PRAXEDES DA SILVA NETO";"ATIVO";"GRADUAÇÃO";"BACHARELADO";"Presencial";"Engenharias";"Regular";"";"Dois ciclos";"NATAL";"";"445";"CENTRO DE TECNOLOGIA";"";"";"1154401";"2018/12/28 00:00:00.000";"Portaria MEC/SERES Nº 922/2018";""
"2000030";"ENGENHARIA ELÉTRICA";"5753853";"VALENTIN OBAC RODA";"ATIVO";"GRADUAÇÃO";"BACHARELADO";"Presencial";"Engenharias";"Regular";"Matutino, Vespertino e Noturno";"Um ciclo";"NATAL";"Campus Central";"445";"CENTRO DE TECNOLOGIA";"http://www.dee.ufrn.br/";"1969/04/02 00:00:00.000";"12340";"2018/12/28 00:00:00.000";"Portaria MEC/SERES Nº 922/2018";""
"8068230";"ENGENHARIA FLORESTAL";"";"";"ATIVO";"GRADUAÇÃO";"BACHARELADO";"Presencial";"Engenharias";"Regular";"";"Um ciclo";"MACAÍBA";"";"351";"ESCOLA AGRÍCOLA DE JUNDIAÍ";"";"";"116762";"2015/12/30 00:00:00.000";"Portaria nº 1098/2015 - DIREG/MEC";""
"2000031";"ENGENHARIA MECÂNICA";"5753543";"ULISSES BORGES SOUTO";"ATIVO";"GRADUAÇÃO";"BACHARELADO";"Presencial";"Engenharias";"Regular";"Matutino, Vespertino e Noturno";"Dois ciclos";"NATAL";"Campus Central";"445";"CENTRO DE TECNOLOGIA";"http://www.mec.ufrn.br/";"1976/03/03 00:00:00.000";"12342";"2018/12/28 00:00:00.000";"Portaria MEC/SERES Nº 922/2018";""
"85437055";"ENGENHARIA MECATRÔNICA";"";"";"ATIVO";"GRADUAÇÃO";"BACHARELADO";"Presencial";"Engenharias";"Regular";"";"Dois ciclos";"NATAL";"";"445";"CENTRO DE TECNOLOGIA";"";"";"1159084";"2018/12/28 00:00:00.000";"Portaria MEC/SERES Nº 922/2018";""
"2000032";"ENGENHARIA QUÍMICA";"5755039";"MAGNA ANGELICA DOS SANTOS BEZERRA SOUSA";"ATIVO";"GRADUAÇÃO";"BACHARELADO";"Presencial";"Engenharias";"Regular";"Matutino, Vespertino e Noturno";"Um ciclo";"NATAL";"Campus Central";"445";"CENTRO DE TECNOLOGIA";"http://www.eq.ufrn.br/";"1974/02/01 00:00:00.000";"12344";"2018/12/28 00:00:00.000";"Portaria MEC/SERES Nº 922/2018";""
"2000033";"ENGENHARIA TÊXTIL";"5761360";"FRANCISCO CLAUDIVAN DA SILVA";"ATIVO";"GRADUAÇÃO";"BACHARELADO";"Presencial";"Engenharias";"Regular";"Vespertino e Noturno";"Um ciclo";"NATAL";"Campus Central";"445";"CENTRO DE TECNOLOGIA";"http://www.prograd.ufrn.br/";"1998/03/03 00:00:00.000";"18854";"2018/12/28 00:00:00.000";"Portaria MEC/SERES Nº 922/2018";""
"2000034";"ESTATÍSTICA";"5758388";"MARIANA CORREIA DE ARAUJO";"ATIVO";"GRADUAÇÃO";"BACHARELADO";"Presencial";"Ciências Exatas e da Terra";"Regular";"Matutino";"Um ciclo";"NATAL";"Campus Central";"439";"CENTRO DE CIÊNCIAS EXATAS E DA TERRA";"http://www.estatistica.ccet.ufrn.br/";"1974/03/01 00:00:00.000";"12337";"2017/06/26 00:00:00.000";"Portaria nº 628";""
"2000039";"FARMÁCIA";"5757901";"MARCELA ABBOTT GALVAO URURAHY";"ATIVO";"GRADUAÇÃO";"BACHARELADO";"Presencial";"Ciências da Saúde";"Regular";"Matutino e Vespertino";"Um ciclo";"NATAL";"Campus Central";"441";"CENTRO DE CIÊNCIAS DA SAÚDE";"http://www.farmacia.ccs.ufrn.br/";"1923/01/08 00:00:00.000";"12328";"2018/03/02 00:00:00.000";"Portaria Nº 133/2018 - MEC";""
"2000040";"FILOSOFIA";"5754407";"BRUNO RAFAELO LOPES VAZ";"ATIVO";"GRADUAÇÃO";"BACHARELADO";"Presencial";"Linguística, Letras e Artes";"Regular";"Noturno";"Um ciclo";"NATAL";"Campus Central";"442";"CENTRO DE CIÊNCIAS HUMANAS, LETRAS E ARTES";"http://www.cchla.ufrn.br/filosofia/";"1980/01/02 00:00:00.000";"312321";"2015/12/30 00:00:00.000";"Portaria nº 1098/2015 - DIREG/MEC";""
"111635047";"FILOSOFIA";"22893";"SERGIO EDUARDO LIMA DA SILVA";"ATIVO";"GRADUAÇÃO";"LICENCIATURA";"Presencial";"Linguística, Letras e Artes";"Regular";"Noturno";"Um ciclo";"NATAL";"Campus Central";"442";"CENTRO DE CIÊNCIAS HUMANAS, LETRAS E ARTES";"http://www.cchla.ufrn.br/filosofia/";"1980/01/02 00:00:00.000";"12321";"2018/12/28 00:00:00.000";"Portaria MEC/SERES Nº 922/2018";""
"2000041";"FÍSICA";"5752750";"ALEXANDRE BARBOSA DE OLIVEIRA";"ATIVO";"GRADUAÇÃO";"BACHARELADO";"Presencial";"Ciências Exatas e da Terra";"Regular";"Matutino, Vespertino e Noturno";"Um ciclo";"NATAL";"Campus Central";"439";"CENTRO DE CIÊNCIAS EXATAS E DA TERRA";"http://www.dfte.ufrn.br/";"1969/03/01 00:00:00.000";"12334";"2018/12/28 00:00:00.000";"Portaria MEC/SERES Nº 922/2018";""
"111635050";"FÍSICA";"5751879";"JULIANA MESQUITA HIDALGO FERREIRA";"ATIVO";"GRADUAÇÃO";"LICENCIATURA";"Presencial";"Ciências Exatas e da Terra";"Regular";"Matutino, Vespertino e Noturno";"Um ciclo";"NATAL";"Campus Central";"439";"CENTRO DE CIÊNCIAS EXATAS E DA TERRA";"http://www.dfte.ufrn.br/";"1969/03/01 00:00:00.000";"312334";"2018/12/28 00:00:00.000";"Portaria MEC/SERES Nº 922/2018";""
"2000124";"FÍSICA";"5752237";"BRUNO LEONARDO CANTO MARTINS";"ATIVO";"GRADUAÇÃO";"LICENCIATURA";"A Distância";"Ciências Exatas e da Terra";"Regular";"Matutino, Vespertino e Noturno";"Um ciclo";"NATAL";"";"439";"CENTRO DE CIÊNCIAS EXATAS E DA TERRA";"";"1969/03/01 00:00:00.000";"99892";"2013/06/03 00:00:00.000";"Portaria nº 244/2013 - MEC";""
"2000042";"FISIOTERAPIA";"5757428";"MARCELO CARDOSO DE SOUZA";"ATIVO";"GRADUAÇÃO";"BACHARELADO";"Presencial";"Ciências da Saúde";"Regular";"Matutino e Vespertino";"Um ciclo";"NATAL";"Campus Central";"441";"CENTRO DE CIÊNCIAS DA SAÚDE";"";"1978/06/12 00:00:00.000";"12331";"2018/03/02 00:00:00.000";"Portaria Nº 133/2018 - MEC";""
"10345860";"FISIOTERAPIA";"5752176";"ADRIANA GOMES MAGALHAES";"ATIVO";"GRADUAÇÃO";"BACHARELADO";"Presencial";"Ciências da Saúde";"Regular";"";"Um ciclo";"SANTA CRUZ";"";"4890";"FACULDADE DE CIÊNCIAS DA SAÚDE DO TRAIRI - FACISA";"http://prograd.ufrn.br/";"";"116752";"2018/03/02 00:00:00.000";"Portaria Nº 133/2018 - MEC";""
"7410980";"FONOAUDIOLOGIA";"5758557";"MAURICIO WIERING PINTO TELLES";"ATIVO";"GRADUAÇÃO";"BACHARELADO";"Presencial";"Ciências da Saúde";"Regular";"";"Um ciclo";"NATAL";"";"441";"CENTRO DE CIÊNCIAS DA SAÚDE";"http://www.prograd.ufrn.br";"";"116764";"2018/03/02 00:00:00.000";"Portaria Nº 133/2018 - MEC";""
"2936390";"GEOFÍSICA";"5754285";"MILTON MORAIS XAVIER JUNIOR";"ATIVO";"GRADUAÇÃO";"BACHARELADO";"Presencial";"Ciências Exatas e da Terra";"Regular";"Matutino e Vespertino";"Um ciclo";"NATAL";"";"439";"CENTRO DE CIÊNCIAS EXATAS E DA TERRA";"http://www.prograd.ufrn.br";"2008/02/18 00:00:00.000";"113096";"2018/11/26 00:00:00.000";"PORTARIA MEC Nº 823";""
"2000043";"GEOGRAFIA";"5760264";"SILVIO BRAZ DE SOUSA";"ATIVO";"GRADUAÇÃO";"BACHARELADO";"Presencial";"Ciências Exatas e da Terra";"Regular";"Matutino e Noturno";"Um ciclo";"NATAL";"Campus Central";"442";"CENTRO DE CIÊNCIAS HUMANAS, LETRAS E ARTES";"http://prograd.ufrn.br/";"1956/03/07 00:00:00.000";"12323";"2018/12/28 00:00:00.000";"Portaria MEC/SERES Nº 922/2018";""
"2671321";"GEOGRAFIA";"5754334";"EDU SILVESTRE DE ALBUQUERQUE";"ATIVO";"GRADUAÇÃO";"LICENCIATURA";"A Distância";"Ciências Humanas";"Regular";"Matutino, Vespertino e Noturno";"Um ciclo";"NATAL";"";"442";"CENTRO DE CIÊNCIAS HUMANAS, LETRAS E ARTES";"http://prograd.ufrn.br/";"2007/10/01 00:00:00.000";"111314";"2018/12/28 00:00:00.000";"Portaria MEC/SERES Nº 913/2018";""
"2000044";"GEOGRAFIA";"5761564";"JOAO SANTIAGO REIS";"ATIVO";"GRADUAÇÃO";"BACHARELADO";"Presencial";"Ciências Humanas";"Regular";"Matutino e Vespertino";"Um ciclo";"CAICÓ";"Campus Caicó";"1482";"CENTRO DE  ENSINO SUPERIOR DO SERIDÓ";"";"1974/03/11 00:00:00.000";"1083438";"2018/12/28 00:00:00.000";"Portaria MEC/SERES Nº 922/2018";""
"111635055";"GEOGRAFIA";"5753660";"DIEGO SALOMAO CANDIDO DE OLIVEIRA SALVADOR";"ATIVO";"GRADUAÇÃO";"LICENCIATURA";"Presencial";"Ciências Humanas";"Regular";"Matutino e Vespertino";"Um ciclo";"CAICÓ";"Campus Caicó";"1482";"CENTRO DE  ENSINO SUPERIOR DO SERIDÓ";"";"1974/03/11 00:00:00.000";"12351";"2015/12/30 00:00:00.000";"Portaria nº 1098/2015 - DIREG/MEC";""
"111635053";"GEOGRAFIA";"22706";"ORGIVAL BEZERRA DA NOBREGA JUNIOR";"ATIVO";"GRADUAÇÃO";"LICENCIATURA";"Presencial";"Ciências Exatas e da Terra";"Regular";"Matutino e Noturno";"Um ciclo";"NATAL";"Campus Central";"442";"CENTRO DE CIÊNCIAS HUMANAS, LETRAS E ARTES";"http://prograd.ufrn.br/";"1956/03/07 00:00:00.000";"312323";"2018/12/28 00:00:00.000";"Portaria MEC/SERES Nº 922/2018";""
"2000045";"GEOLOGIA";"5760269";"MICHAEL VANDESTEEN SILVA SOUTO";"ATIVO";"GRADUAÇÃO";"BACHARELADO";"Presencial";"Ciências Exatas e da Terra";"Regular";"Matutino e Vespertino";"Um ciclo";"NATAL";"Campus Central";"439";"CENTRO DE CIÊNCIAS EXATAS E DA TERRA";"http://www.ccet.ufrn.br/hp_geo/";"1976/06/12 00:00:00.000";"12336";"2017/08/07 00:00:00.000";"PORTARIA nº 847/2017 - MEC";""
"96726786";"GESTÃO DE COOPERATIVAS";"23198";"WASHINGTON JOSE DE SOUSA";"ATIVO";"GRADUAÇÃO";"TECNOLÓGICO";"Presencial";"Ciências Sociais Aplicadas";"Temporário";"";"Um ciclo";"NATAL";"";"443";"CENTRO DE CIÊNCIAS SOCIAIS APLICADAS";"adelardo";"";"1259743";"2015/12/24 00:00:00.000";"Portaria nº 1033/2015 - DIREG/MEC";""
"10426760";"GESTÃO DE POLÍTICAS PÚBLICAS";"5758709";"ANDERSON CRISTOPHER DOS SANTOS";"ATIVO";"GRADUAÇÃO";"BACHARELADO";"Presencial";"Ciências Humanas";"Regular";"";"Um ciclo";"NATAL";"";"442";"CENTRO DE CIÊNCIAS HUMANAS, LETRAS E ARTES";"http://www.cchla.ufrn.br";"";"116928";"2013/11/20 00:00:00.000";"Portaria nº 603/2013 - MEC";""
"2000159";"GESTÃO HOSPITALAR";"5756366";"PETALA TUANI CANDIDO DE OLIVEIRA SALVADOR";"ATIVO";"GRADUAÇÃO";"TECNOLÓGICO";"Presencial";"Ciências da Saúde";"Regular";"Matutino, Vespertino e Noturno";"Um ciclo";"NATAL";"Campus Central";"205";"ESCOLA DE SAÚDE";"";"2020/01/01 00:00:00.000";"1109331";"2018/03/02 00:00:00.000";"Portaria Nº 133/2018 - MEC";""
"111635057";"HISTÓRIA";"17675";"FRANCISCA AURINETE GIRAO BARRETO DA SILVA";"ATIVO";"GRADUAÇÃO";"LICENCIATURA";"Presencial";"Ciências Humanas";"Regular";"Matutino e Noturno";"Um ciclo";"NATAL";"Campus Central";"442";"CENTRO DE CIÊNCIAS HUMANAS, LETRAS E ARTES";"http://prograd.ufrn.br/";"1957/03/07 00:00:00.000";"12324";"2018/12/28 00:00:00.000";"Portaria MEC/SERES Nº 922/2018";""
"2000046";"HISTÓRIA";"23213";"MARGARIDA MARIA DIAS DE OLIVEIRA";"ATIVO";"GRADUAÇÃO";"BACHARELADO";"Presencial";"Ciências Humanas";"Regular";"Matutino e Noturno";"Um ciclo";"NATAL";"Campus Central";"442";"CENTRO DE CIÊNCIAS HUMANAS, LETRAS E ARTES";"http://prograd.ufrn.br/";"1957/03/07 00:00:00.000";"1113228";"2018/12/28 00:00:00.000";"Portaria MEC/SERES Nº 922/2018";""
"111635060";"HISTÓRIA";"5756804";"JUCIENE BATISTA FELIX ANDRADE";"ATIVO";"GRADUAÇÃO";"LICENCIATURA";"Presencial";"Ciências Humanas";"Regular";"Matutino e Vespertino";"Um ciclo";"CAICÓ";"Campus Caicó";"1482";"CENTRO DE  ENSINO SUPERIOR DO SERIDÓ";"http://prograd.ufrn.br/";"1974/03/11 00:00:00.000";"12350";"2018/12/28 00:00:00.000";"Portaria MEC/SERES Nº 922/2018";""
"50913238";"HISTÓRIA";"5754333";"LIGIO JOSE DE OLIVEIRA MAIA";"ATIVO";"GRADUAÇÃO";"LICENCIATURA";"A Distância";"Ciências Humanas";"Regular";"";"Um ciclo";"NATAL";"";"442";"CENTRO DE CIÊNCIAS HUMANAS, LETRAS E ARTES";"";"";"1299294";"2017/12/22 00:00:00.000";"Art. 101 da Portaria Normativa N° 23/2017 - MEC - Proc. EMEC N° 201815303";""
"2000047";"HISTÓRIA";"5760320";"LARISSA JACHETA RIBERTI";"ATIVO";"GRADUAÇÃO";"BACHARELADO";"Presencial";"Ciências Humanas";"Regular";"Matutino e Vespertino";"Um ciclo";"CAICÓ";"Campus Caicó";"1482";"CENTRO DE  ENSINO SUPERIOR DO SERIDÓ";"http://prograd.ufrn.br/";"1974/03/11 00:00:00.000";"1083431";"2015/12/30 00:00:00.000";"Portaria nº 1098/2015 - DIREG/MEC";""
"118835329";"JORNALISMO";"";"";"ATIVO";"GRADUAÇÃO";"BACHARELADO";"Presencial";"Ciências Humanas";"Regular";"";"Um ciclo";"NATAL";"";"442";"CENTRO DE CIÊNCIAS HUMANAS, LETRAS E ARTES";"";"";"29462";"";"";""
"50852239";"LETRAS";"5752278";"SULEMI FABIANO CAMPOS";"ATIVO";"GRADUAÇÃO";"LICENCIATURA";"A Distância";"Linguística, Letras e Artes";"Regular";"";"Um ciclo";"NATAL";"";"442";"CENTRO DE CIÊNCIAS HUMANAS, LETRAS E ARTES";"";"";"1170261";"2018/12/28 00:00:00.000";"Portaria MEC/SERES Nº 913/2018";""
"118836561";"LETRAS - FRANCÊS";"2273348";"KATIA AILY FRANCO DE CAMARGO";"ATIVO";"GRADUAÇÃO";"LICENCIATURA";"Presencial";"Linguística, Letras e Artes";"Regular";"";"Um ciclo";"NATAL";"";"442";"CENTRO DE CIÊNCIAS HUMANAS, LETRAS E ARTES";"";"";"32296";"2012/12/27 00:00:00.000";"Portaria nº 286/2012 - MEC";""
"118840295";"LETRAS - INGLÊS";"5757890";"ORISON MARDEN BANDEIRA DE MELO JUNIOR";"ATIVO";"GRADUAÇÃO";"LICENCIATURA";"Presencial";"Linguística, Letras e Artes";"Regular";"";"Um ciclo";"NATAL";"";"442";"CENTRO DE CIÊNCIAS HUMANAS, LETRAS E ARTES";"";"";"34277";"2015/12/30 00:00:00.000";"Portaria nº 1098/2015 - DIREG/MEC";""
"118922026";"LETRAS - LÍNGUA ESPANHOLA";"5761596";"ANDRE SILVA OLIVEIRA";"ATIVO";"GRADUAÇÃO";"LICENCIATURA";"Presencial";"Linguística, Letras e Artes";"Regular";"";"Um ciclo";"CURRAIS NOVOS";"";"31011";"FACULDADE DE ENGENHARIA, LETRAS E CIÊNCIAS SOCIAIS DO SERIDÓ - FELCS";"";"";"116626";"2018/03/19 00:00:00.000";"Portaria 185/2018 MEC/SERES";""
"118880834";"LETRAS- LÍNGUA ESPANHOLA E LITERATURAS";"5758781";"ADRIANA MARCELLE DE ANDRADE FREITAS";"ATIVO";"GRADUAÇÃO";"LICENCIATURA";"Presencial";"Linguística, Letras e Artes";"Regular";"";"Um ciclo";"NATAL";"";"442";"CENTRO DE CIÊNCIAS HUMANAS, LETRAS E ARTES";"";"";"116564";"2018/12/28 00:00:00.000";"Portaria MEC/SERES Nº 922/2018";""
"118881115";"LETRAS - LÍNGUA PORTUGUESA";"5761616";"PEDRO FERNANDES DE OLIVEIRA NETO";"ATIVO";"GRADUAÇÃO";"LICENCIATURA";"Presencial";"Ciências Humanas";"Regular";"";"Um ciclo";"NATAL";"";"442";"CENTRO DE CIÊNCIAS HUMANAS, LETRAS E ARTES";"";"";"31160";"2015/12/30 00:00:00.000";"Portaria nº 1098/2015 - DIREG/MEC";""
"118922626";"LETRAS - LÍNGUA PORTUGUESA";"";"";"ATIVO";"GRADUAÇÃO";"LICENCIATURA";"Presencial";"Linguística, Letras e Artes";"Regular";"";"Um ciclo";"CURRAIS NOVOS";"";"31011";"FACULDADE DE ENGENHARIA, LETRAS E CIÊNCIAS SOCIAIS DO SERIDÓ - FELCS";"";"";"110830";"2018/12/28 00:00:00.000";"Portaria MEC/SERES Nº 922/2018";""
"118921874";"LETRAS - LÍNGUA PORTUGUESA E LIBRAS";"5757513";"JESSICA DO CARMO ALVES DE ANDRADE";"ATIVO";"GRADUAÇÃO";"LICENCIATURA";"Presencial";"Linguística, Letras e Artes";"Regular";"";"Um ciclo";"NATAL";"";"442";"CENTRO DE CIÊNCIAS HUMANAS, LETRAS E ARTES";"";"";"1279038";"2017/09/27 00:00:00.000";"PORTARIA Nº 1.011 - MEC";""
"133175344";"LETRAS - PORTUGUÊS E INGLÊS";"2289732";"HELIO DIAS FURTADO";"ATIVO";"GRADUAÇÃO";"LICENCIATURA";"Presencial";"Linguística, Letras e Artes";"Anual";"";"Um ciclo";"CURRAIS NOVOS";"";"31011";"FACULDADE DE ENGENHARIA, LETRAS E CIÊNCIAS SOCIAIS DO SERIDÓ - FELCS";"";"";"1452109";"";"";""
"85436489";"MATEMÁTICA";"";"";"ATIVO";"GRADUAÇÃO";"LICENCIATURA";"Presencial";"Ciências Exatas e da Terra";"Semestral";"";"Um ciclo";"NATAL";"";"439";"CENTRO DE CIÊNCIAS EXATAS E DA TERRA";"";"";"312333";"2012/12/27 00:00:00.000";"Portaria nº 286/2012 - MEC";"PARFOR"
"2000134";"MATEMÁTICA";"18485";"MARCIA MARIA DE CASTRO CRUZ";"ATIVO";"GRADUAÇÃO";"LICENCIATURA";"A Distância";"Ciências Exatas e da Terra";"Regular";"Matutino, Vespertino e Noturno";"Um ciclo";"NATAL";"";"439";"CENTRO DE CIÊNCIAS EXATAS E DA TERRA";"";"2020/01/01 00:00:00.000";"99898";"2018/12/28 00:00:00.000";"Portaria MEC/SERES Nº 913/2018";""
"111635066";"MATEMÁTICA";"5752280";"ODIRLEI SILVA JESUS";"ATIVO";"GRADUAÇÃO";"LICENCIATURA";"Presencial";"Ciências Exatas e da Terra";"Regular";"Matutino, Vespertino e Noturno";"Um ciclo";"NATAL";"Campus Central";"439";"CENTRO DE CIÊNCIAS EXATAS E DA TERRA";"http://www.ccet.ufrn.br/matematica/";"1969/08/01 00:00:00.000";"312333";"2018/12/28 00:00:00.000";"Portaria MEC/SERES Nº 922/2018";""
"2000054";"MATEMÁTICA";"26132";"MARCELO GOMES PEREIRA";"ATIVO";"GRADUAÇÃO";"BACHARELADO";"Presencial";"Ciências Exatas e da Terra";"Regular";"Matutino, Vespertino e Noturno";"Um ciclo";"NATAL";"Campus Central";"439";"CENTRO DE CIÊNCIAS EXATAS E DA TERRA";"http://www.ccet.ufrn.br/matematica/";"1969/08/01 00:00:00.000";"12333";"2016/12/15 00:00:00.000";"Portaria nº 797/2016 - MEC";""
"2000055";"MATEMÁTICA";"5755582";"MARIA MARONI LOPES";"ATIVO";"GRADUAÇÃO";"LICENCIATURA";"Presencial";"Ciências Exatas e da Terra";"Regular";"Matutino, Vespertino e Noturno";"Um ciclo";"CAICÓ";"Campus Caicó";"1482";"CENTRO DE  ENSINO SUPERIOR DO SERIDÓ";"";"1979/07/20 00:00:00.000";"12354";"2015/12/30 00:00:00.000";"Portaria nº 1098/2015 - DIREG/MEC";""
"2000056";"MEDICINA";"25942";"PAULO JOSE DE MEDEIROS";"ATIVO";"GRADUAÇÃO";"BACHARELADO";"Presencial";"Ciências da Saúde";"Regular";"Matutino, Vespertino e Noturno";"Um ciclo";"NATAL";"Campus Central";"441";"CENTRO DE CIÊNCIAS DA SAÚDE";"http://prograd.ufrn.br/";"1956/03/01 00:00:00.000";"12345";"2017/12/18 00:00:00.000";"Portaria MEC nº 1.345";""
"104831949";"MEDICINA";"5760146";"ERICO GURGEL AMORIM";"ATIVO";"GRADUAÇÃO";"BACHARELADO";"Presencial";"Ciências da Saúde";"Regular";"";"Um ciclo";"CAICÓ";"";"7278";"ESCOLA MULTICAMPI DE CIÊNCIAS MÉDICAS DO RIO GRANDE DO NORTE";"";"";"1202546";"2014/05/13 00:00:00.000";"Portaria nº 274/2014 - SERES/MEC";""
"101644626";"METEOROLOGIA";"5759388";"JONATHAN MOTA DA SILVA";"ATIVO";"GRADUAÇÃO";"BACHARELADO";"Presencial";"Ciências Exatas e da Terra";"Anual";"";"Um ciclo";"NATAL";"";"439";"CENTRO DE CIÊNCIAS EXATAS E DA TERRA";"";"";"1268383";"2018/08/15 00:00:00.000";"PORTARIA MEC N° 547";""
"2000057";"MÚSICA";"22889";"GERMANNA FRANCA DA CUNHA";"ATIVO";"GRADUAÇÃO";"BACHARELADO";"Presencial";"Linguística, Letras e Artes";"Regular";"Matutino, Vespertino e Noturno";"Um ciclo";"NATAL";"Campus Central";"284";"ESCOLA DE MÚSICA";"http://www.emusica.ufrn.br/";"2020/01/01 00:00:00.000";"24803";"2017/08/07 00:00:00.000";"PORTARIA nº 847/2017 - MEC";""
"111635069";"MÚSICA";"5760776";"NATHALIA DOMINGOS";"ATIVO";"GRADUAÇÃO";"LICENCIATURA";"Presencial";"Linguística, Letras e Artes";"Regular";"Matutino, Vespertino e Noturno";"Um ciclo";"NATAL";"Campus Central";"284";"ESCOLA DE MÚSICA";"http://www.emusica.ufrn.br/";"2020/01/01 00:00:00.000";"18395";"2018/12/28 00:00:00.000";"Portaria MEC/SERES Nº 922/2018";""
"2000058";"NUTRIÇÃO";"5757832";"SANCHA HELENA DE LIMA VALE";"ATIVO";"GRADUAÇÃO";"BACHARELADO";"Presencial";"Ciências da Saúde";"Regular";"Matutino e Vespertino";"Um ciclo";"NATAL";"Campus Central";"441";"CENTRO DE CIÊNCIAS DA SAÚDE";"http://prograd.ufrn.br/";"1977/02/24 00:00:00.000";"12329";"2018/03/02 00:00:00.000";"Portaria Nº 133/2018 - MEC";""
"10317040";"NUTRIÇÃO";"5761099";"MARCOS FELIPE SILVA DE LIMA";"ATIVO";"GRADUAÇÃO";"BACHARELADO";"Presencial";"Ciências da Saúde";"Regular";"";"Um ciclo";"SANTA CRUZ";"";"4890";"FACULDADE DE CIÊNCIAS DA SAÚDE DO TRAIRI - FACISA";"http://prograd.ufrn.br/";"";"116754";"2018/03/02 00:00:00.000";"Portaria Nº 133/2018 - MEC";""
"2000059";"ODONTOLOGIA";"5752209";"ERICKA JANINE DANTAS DA SILVEIRA";"ATIVO";"GRADUAÇÃO";"BACHARELADO";"Presencial";"Ciências da Saúde";"Regular";"Matutino e Vespertino";"Um ciclo";"NATAL";"Campus Central";"441";"CENTRO DE CIÊNCIAS DA SAÚDE";"http://www.odonto.dod.ufrn.br/";"1947/02/02 00:00:00.000";"12330";"2018/03/02 00:00:00.000";"Portaria Nº 133/2018 - MEC";""
"2000064";"PEDAGOGIA";"5752792";"MARIA DE FATIMA GARCIA";"ATIVO";"GRADUAÇÃO";"LICENCIATURA";"Presencial";"Ciências Sociais Aplicadas";"Regular";"Matutino e Vespertino";"Um ciclo";"CAICÓ";"Campus Caicó";"1482";"CENTRO DE  ENSINO SUPERIOR DO SERIDÓ";"http://sol.ccsa.ufrn.br/ccsa/areas/edu/pedagogia/";"1974/03/11 00:00:00.000";"12353";"2018/12/28 00:00:00.000";"Portaria MEC/SERES Nº 922/2018";""
"50799262";"PEDAGOGIA";"5758342";"AZEMAR DOS SANTOS SOARES JUNIOR";"ATIVO";"GRADUAÇÃO";"LICENCIATURA";"A Distância";"Linguística, Letras e Artes";"Regular";"";"Um ciclo";"NATAL";"";"5965";"CENTRO DE EDUCAÇÃO";"";"";"1193519";"2018/12/28 00:00:00.000";"Portaria MEC/SERES Nº 913/2018";""
"2000063";"PEDAGOGIA";"5753849";"GILBERTO FERREIRA COSTA";"ATIVO";"GRADUAÇÃO";"LICENCIATURA";"Presencial";"Ciências Sociais Aplicadas";"Regular";"Matutino, Vespertino e Noturno";"Um ciclo";"NATAL";"Campus Central";"5965";"CENTRO DE EDUCAÇÃO";"http://sol.ccsa.ufrn.br/ccsa/areas/edu/pedagogia/";"1970/03/01 00:00:00.000";"20938";"2018/12/28 00:00:00.000";"Portaria MEC/SERES Nº 922/2018";""
"2000066";"PSICOLOGIA";"";"";"ATIVO";"GRADUAÇÃO";"BACHARELADO";"Presencial";"Ciências Humanas";"Regular";"Matutino e Vespertino";"Um ciclo";"NATAL";"Campus Central";"442";"CENTRO DE CIÊNCIAS HUMANAS, LETRAS E ARTES";"http://www.cchla.ufrn.br/psicologia/";"1997/03/03 00:00:00.000";"12316";"1976/09/15 00:00:00.000";"RESOLUÇÃO Nº. 27/76 - CONSUNI";""
"102160763";"PSICOLOGIA";"5759414";"FLAVIO FERNANDES FONTES";"ATIVO";"GRADUAÇÃO";"BACHARELADO";"Presencial";"Ciências Sociais Aplicadas";"Anual";"";"Um ciclo";"SANTA CRUZ";"";"4890";"FACULDADE DE CIÊNCIAS DA SAÚDE DO TRAIRI - FACISA";"";"";"1279922";"";"";""
"2000144";"QUÍMICA";"5753699";"LUCIENE DA SILVA SANTOS";"ATIVO";"GRADUAÇÃO";"LICENCIATURA";"A Distância";"Ciências Exatas e da Terra";"Regular";"Matutino, Vespertino e Noturno";"Um ciclo";"NATAL";"";"439";"CENTRO DE CIÊNCIAS EXATAS E DA TERRA";"http://www.ccet.ufrn.br/hp_quimica/";"2020/01/01 00:00:00.000";"99896";"2013/06/03 00:00:00.000";"Portaria nº 244/2013 - MEC";""
"111635075";"QUÍMICA";"5756805";"LIVIA NUNES CAVALCANTI";"ATIVO";"GRADUAÇÃO";"LICENCIATURA";"Presencial";"Ciências Exatas e da Terra";"Regular";"Matutino, Vespertino e Noturno";"Um ciclo";"NATAL";"Campus Central";"439";"CENTRO DE CIÊNCIAS EXATAS E DA TERRA";"http://www.ccet.ufrn.br/hp_quimica/";"1970/03/03 00:00:00.000";"312335";"2018/12/28 00:00:00.000";"Portaria MEC/SERES Nº 922/2018";""
"2000067";"QUÍMICA";"5756805";"LIVIA NUNES CAVALCANTI";"ATIVO";"GRADUAÇÃO";"BACHARELADO";"Presencial";"Ciências Exatas e da Terra";"Regular";"Matutino, Vespertino e Noturno";"Um ciclo";"NATAL";"Campus Central";"439";"CENTRO DE CIÊNCIAS EXATAS E DA TERRA";"http://www.ccet.ufrn.br/hp_quimica/";"1970/03/03 00:00:00.000";"12335";"2018/12/28 00:00:00.000";"Portaria MEC/SERES Nº 922/2018";""
"3156200";"QUÍMICA DO PETRÓLEO";"5756805";"LIVIA NUNES CAVALCANTI";"ATIVO";"GRADUAÇÃO";"BACHARELADO";"Presencial";"Ciências Exatas e da Terra";"Regular";"Matutino e Vespertino";"Um ciclo";"NATAL";"";"439";"CENTRO DE CIÊNCIAS EXATAS E DA TERRA";"http://www.prograd.ufrn.br";"2008/02/18 00:00:00.000";"113098";"2012/10/03 00:00:00.000";"Portaria nº 190/2012 - MEC";""
"7252420";"SAÚDE COLETIVA";"5752602";"JOSE JAILSON DE ALMEIDA JUNIOR";"ATIVO";"GRADUAÇÃO";"BACHARELADO";"Presencial";"Ciências da Saúde";"Regular";"";"Um ciclo";"NATAL";"";"441";"CENTRO DE CIÊNCIAS DA SAÚDE";"http://www.prograd.ufrn.br";"";"116778";"2018/08/21 00:00:00.000";"PORTARIA MEC N° 566";""
"2000068";"SERVIÇO SOCIAL";"26190";"ILKA DE LIMA SOUZA";"ATIVO";"GRADUAÇÃO";"BACHARELADO";"Presencial";"Ciências Sociais Aplicadas";"Regular";"Matutino e Vespertino";"Um ciclo";"NATAL";"Campus Central";"443";"CENTRO DE CIÊNCIAS SOCIAIS APLICADAS";"http://sol.ccsa.ufrn.br/ccsa/areas/serso/servicosocial/";"1945/03/02 00:00:00.000";"12325";"2018/03/02 00:00:00.000";"Portaria Nº 133/2018 - MEC";""
"7191770";"SISTEMAS DE INFORMAÇÃO";"5753697";"LUIZ PAULO DE ASSIS BARBOSA";"ATIVO";"GRADUAÇÃO";"BACHARELADO";"Presencial";"Ciências Exatas e da Terra";"Regular";"";"Um ciclo";"CAICÓ";"Campus Caicó";"1482";"CENTRO DE  ENSINO SUPERIOR DO SERIDÓ";"http://www.prograd.ufrn.br";"";"116770";"2018/12/28 00:00:00.000";"Portaria MEC/SERES Nº 922/2018";""
"2000158";"TEATRO";"26307";"JOSE SAVIO OLIVEIRA DE ARAUJO";"ATIVO";"GRADUAÇÃO";"LICENCIATURA";"Presencial";"Linguística, Letras e Artes";"Regular";"Matutino";"Um ciclo";"NATAL";"Campus Central";"442";"CENTRO DE CIÊNCIAS HUMANAS, LETRAS E ARTES";"http://www.cchla.ufrn.br/deart/";"2020/01/01 00:00:00.000";"108336";"2017/08/07 00:00:00.000";"Portaria nº 847/2017 - MEC";""
"92127264";"TECNOLOGIA DA INFORMAÇÃO";"5756802";"GUSTAVO GIRAO BARRETO DA SILVA";"ATIVO";"GRADUAÇÃO";"BACHARELADO";"Presencial";"Ciências Exatas e da Terra";"Regular";"";"Um ciclo";"NATAL";"";"6069";"INSTITUTO METROPOLE DIGITAL";"";"";"1190414";"2016/05/02 00:00:00.000";"Portaria nº 127/2016 - MEC";""
"2000071";"TURISMO";"5752040";"MABEL SIMONE DE ARAUJO BEZERRA GUARDIA";"ATIVO";"GRADUAÇÃO";"BACHARELADO";"Presencial";"Ciências Sociais Aplicadas";"Regular";"Matutino e Vespertino";"Um ciclo";"CURRAIS NOVOS";"Campus Currais Novos";"31011";"FACULDADE DE ENGENHARIA, LETRAS E CIÊNCIAS SOCIAIS DO SERIDÓ - FELCS";"";"2020/01/01 00:00:00.000";"108348";"2017/04/04 00:00:00.000";"Portaria nº 272/2017 - MEC";""
"2000069";"TURISMO";"5761603";"ERICA PRISCILLA CARVALHO DE LIMA MACHADO";"ATIVO";"GRADUAÇÃO";"BACHARELADO";"Presencial";"Ciências Sociais Aplicadas";"Regular";"Vespertino";"Um ciclo";"NATAL";"Campus Central";"443";"CENTRO DE CIÊNCIAS SOCIAIS APLICADAS";"http://sol.ccsa.ufrn.br/ccsa/areas/tur/turismo/";"1997/03/03 00:00:00.000";"18394";"2017/04/04 00:00:00.000";"Portaria nº 272/2017 - MEC";""
"6358080";"ZOOTECNIA";"24385";"LUIS HENRIQUE FERNANDES BORBA";"ATIVO";"GRADUAÇÃO";"BACHARELADO";"Presencial";"Ciências Agrárias";"Regular";"";"Um ciclo";"MACAÍBA";"";"351";"ESCOLA AGRÍCOLA DE JUNDIAÍ";"http://www.zootecnia.ufrn.br/";"";"5000969";"2018/03/02 00:00:00.000";"Portaria Nº 133/2018 - MEC";""
